--1 Writer 
INSERT INTO ROKOMARI.Writer(ID, Name, Description, Image) VALUES (100, 'মুহম্মদ জাফর ইকবাল', 'বাংলাদেশের কিশোর-কিশোরী পাঠকদের কাছে সবচেয়ে জনপ্রিয় নাম মুহম্মদ জাফর ইকবাল। তিনি মূলত এ দেশের একজন বিখ্যাত লেখক, পদার্থবিদ এবং শিক্ষাবিদ। কিশোর সাহিত্য, শিশুতোষ গ্রন্থ, বৈজ্ঞানিক কল্পকাহিনী, গণিত বিষয়ক বই এর জন্য খুব অল্প সময়েই জনপ্রিয়তা লাভ করেন তিনি।', '/images/writer/defaultbook.jpg');
INSERT INTO ROKOMARI.Writer(ID, Name, Description, Image) VALUES (101, 'হুমায়ূন আহমেদ', 'বাংলা সাহিত্যের এক কিংবদন্তী হুমায়ূন আহমেদ। বিংশ শতাব্দীর বাঙালি লেখকদের মধ্যে তিনি অন্যতম স্থান দখল করে আছেন। একাধারে ঔপন্যাসিক, ছোটগল্পকার ও নাট্যকার এ মানুষটিকে বলা হয় বাংলা সায়েন্স ফিকশনের পথিকৃৎ। নাটক ও চলচ্চিত্র পরিচালক হিসেবেও তিনি বেশ সমাদৃত। বাদ যায়নি গীতিকার কিংবা চিত্রশিল্পীর পরিচয়ও। ', '/images/writer/defaultbook.jpg');
INSERT INTO ROKOMARI.Writer(ID, Name, Description, Image) VALUES (102, 'সমরেশ মজুমদার', '১৯৪২ সালের ১০ই মার্চ পশ্চিমবঙ্গের জলপাইগুড়িতে জন্ম বিশিষ্ট কথাসাহিত্যিক এবং ঔপন্যাসিক সমরেশ মজুমদারের। তাঁর শৈশব কাটে প্রকৃতির কোলে, চা বাগানে ঘুরে, আদিবাসী শিশুদের সাথে খেলে। এ কারণেই সমরেশ মজুমদার এর বই সমগ্রতে বারবার উঠে আসে পশ্চিমবঙ্গের জলপাইগুড়ি, চা বাগান, বৃষ্টি কিংবা পাহাড়ের কথা।', '/images/writer/defaultbook.jpg');
INSERT INTO ROKOMARI.Writer(ID, Name, Description, Image) VALUES (103, 'রবীন্দ্রনাথ ঠাকুর', 'বিশ্বকবি রবীন্দ্রনাথ ঠাকুর ছিলেন একাধারে ঔপন্যাসিক, নাট্যকার, প্রাবন্ধিক, ছোটগল্পকার, চিত্রশিল্পী, সংগীতস্রষ্টা, অভিনেতা, কন্ঠশিল্পী, কবি, সমাজ-সংস্কারক এবং দার্শনিক। গীতাঞ্জলি কাব্যগ্রন্থের ইংরেজি অনুবাদের জন্য প্রথম বাঙালি হিসেবে ১৯১৩ সালে তিনি সাহিত্যে নোবেল পুরষ্কার লাভ করেন।', '/images/writer/defaultbook.jpg');
INSERT INTO ROKOMARI.Writer(ID, Name, Description, Image) VALUES (104, 'সুনীল গঙ্গোপাধ্যায়', 'বিশ শতকের শেষাংশে জন্ম নেওয়া সব্যসাচী একজন বাঙ্গালি সাহিত্যিক সুনীল গঙ্গোপাধ্যায়। একাধারে কবি, ঔপন্যাসিক, ছোটগল্পকার, সম্পাদক, সাংবাদিক ও কলামিস্ট- এমন বহু পরিচয়ে সাহিত্যের অগণিত ক্ষেত্রে তিনি রেখেছেন তাঁর সুকুমার ছাপ। ', '/images/writer/defaultbook.jpg');

--2 Publisher
INSERT INTO ROKOMARI.Publisher(Name, Address, Email, Password) VALUES ('পার্ল পাবলিকেশন্স', null, 'parl123@gmail.com', 'abcde');
INSERT INTO ROKOMARI.Publisher(Name, Address, Email, Password) VALUES ('কাকলী প্রকাশনী', null, 'kakoli123@gmail.com', 'abcdf');
INSERT INTO ROKOMARI.Publisher(Name, Address, Email, Password) VALUES ('প্রতীক প্রকাশনী', null, 'protik123@gmail.com', 'abcde');
INSERT INTO ROKOMARI.Publisher(Name, Address, Email, Password) VALUES ('সময় প্রকাশনী', null, 'somoy123@gmail.com', 'abcde');
INSERT INTO ROKOMARI.Publisher(Name, Address, Email, Password) VALUES ('অন্যপ্রকাশ', null, 'onnol123@gmail.com', 'abcde');
INSERT INTO ROKOMARI.Publisher(Name, Address, Email, Password) VALUES ('অনন্যা প্রকাশনী', null, 'ananna123@gmail.com', 'abcde');
INSERT INTO ROKOMARI.Publisher(Name, Address, Email, Password) VALUES ('অবসর প্রকাশনী', null, 'oboshor123@gmail.com', 'abcde');
INSERT INTO ROKOMARI.Publisher(Name, Address, Email, Password) VALUES ('আফসার ব্রাদার্স', null, 'afsar123@gmail.com', 'abcde');
INSERT INTO ROKOMARI.Publisher(Name, Address, Email, Password) VALUES ('নবযুগ প্রকাশনী', null, 'nobojug123@gmail.com', 'abcde');

--3 Book
INSERT INTO ROKOMARI.Book(ID, Title, Writer_ID, Publisher, Date_Published, Genre, Quantity_in_stock, Quantity_sold, Price, Language, Description, Rating, Page, Image) VALUES (1, 'আমি তপু', 100, 'পার্ল পাবলিকেশন্স', 2005, 'শিশু-কিশোর উপন্যাস', 10, 0, 250, 'Bangla', null, 0, 123, '/images/books/defaultbook.jpg');
INSERT INTO ROKOMARI.Book(ID, Title, Writer_ID, Publisher, Date_Published, Genre, Quantity_in_stock, Quantity_sold, Price, Language, Description, Rating, Page, Image) VALUES (2, 'আমার বন্ধু রাশেদ', 100, 'কাকলী প্রকাশনী', 1998, 'মুক্তিযুদ্ধের উপন্যাস', 10, 0, 350, 'Bangla', null, 0, 152, '/images/books/defaultbook.jpg');
INSERT INTO ROKOMARI.Book(ID, Title, Writer_ID, Publisher, Date_Published, Genre, Quantity_in_stock, Quantity_sold, Price, Language, Description, Rating, Page, Image) VALUES (3, 'দস্যি কজন', 100, 'প্রতীক প্রকাশনী', 2004, 'শিশু-কিশোর উপন্যাস', 10, 0, 250, 'Bangla', null, 0, 160, '/images/books/defaultbook.jpg');
INSERT INTO ROKOMARI.Book(ID, Title, Writer_ID, Publisher, Date_Published, Genre, Quantity_in_stock, Quantity_sold, Price, Language, Description, Rating, Page, Image) VALUES (4, 'দীপু নাম্বার টু', 100, 'সময় প্রকাশনী', 1996, 'শিশু-কিশোর উপন্যাস', 10, 0, 175, 'Bangla', null, 0, 87, '/images/books/defaultbook.jpg');
INSERT INTO ROKOMARI.Book(ID, Title, Writer_ID, Publisher, Date_Published, Genre, Quantity_in_stock, Quantity_sold, Price, Language, Description, Rating, Page, Image) VALUES (5, 'টুনটুনি ও ছোটাচ্চু', 100, 'পার্ল পাবলিকেশন্স', 2014, 'শিশু-কিশোর উপন্যাস', 10, 0, 300, 'Bangla', null, 0, 144, '/images/books/defaultbook.jpg');
INSERT INTO ROKOMARI.Book(ID, Title, Writer_ID, Publisher, Date_Published, Genre, Quantity_in_stock, Quantity_sold, Price, Language, Description, Rating, Page, Image) VALUES (6, 'টুকুনজিল', 100, 'অনন্যা প্রকাশনী', 2005, 'সায়েন্স ফিকশন', 10, 0, 225, 'Bangla', null, 0, 95, '/images/books/defaultbook.jpg');
INSERT INTO ROKOMARI.Book(ID, Title, Writer_ID, Publisher, Date_Published, Genre, Quantity_in_stock, Quantity_sold, Price, Language, Description, Rating, Page, Image) VALUES (7, 'এনিম্যান', 100, 'সময় প্রকাশনী', 2012, 'সায়েন্স ফিকশন', 10, 0, 240, 'Bangla', null, 0, 128, '/images/books/defaultbook.jpg');
INSERT INTO ROKOMARI.Book(ID, Title, Writer_ID, Publisher, Date_Published, Genre, Quantity_in_stock, Quantity_sold, Price, Language, Description, Rating, Page, Image) VALUES (8, 'রঙিন চশমা', 100, 'প্রতীক প্রকাশনী', 2008, 'আত্মজীবনী', 10, 0, 175, 'Bangla', null, 0, 96, '/images/books/defaultbook.jpg');
INSERT INTO ROKOMARI.Book(ID, Title, Writer_ID, Publisher, Date_Published, Genre, Quantity_in_stock, Quantity_sold, Price, Language, Description, Rating, Page, Image) VALUES (9, 'শ্যামল ছায়া', 101, 'অন্যপ্রকাশ', 2003, 'মুক্তিযুদ্ধের উপন্যাস', 10, 0, 175, 'Bangla', null, 0, 48, '/images/books/defaultbook.jpg');
INSERT INTO ROKOMARI.Book(ID, Title, Writer_ID, Publisher, Date_Published, Genre, Quantity_in_stock, Quantity_sold, Price, Language, Description, Rating, Page, Image) VALUES (10, 'শঙ্খনীল কারাগার', 101, 'অন্যপ্রকাশ', 1973, 'সমকালীন উপন্যাস', 10, 0, 280, 'Bangla', null, 0, 85, '/images/books/defaultbook.jpg');
INSERT INTO ROKOMARI.Book(ID, Title, Writer_ID, Publisher, Date_Published, Genre, Quantity_in_stock, Quantity_sold, Price, Language, Description, Rating, Page, Image) VALUES (11, 'কোথাও কেউ নেই', 101, 'কাকলী প্রকাশনী', 1990, 'সমকালীন উপন্যাস', 10, 0, 400, 'Bangla', null, 0, 253, '/images/books/defaultbook.jpg');
INSERT INTO ROKOMARI.Book(ID, Title, Writer_ID, Publisher, Date_Published, Genre, Quantity_in_stock, Quantity_sold, Price, Language, Description, Rating, Page, Image) VALUES (12, 'এইসব দিনরাত্রি', 101, 'অনন্যা প্রকাশনী', 1985, 'সমকালীন উপন্যাস', 10, 0, 450, 'Bangla', null, 0, 320, '/images/books/defaultbook.jpg');
INSERT INTO ROKOMARI.Book(ID, Title, Writer_ID, Publisher, Date_Published, Genre, Quantity_in_stock, Quantity_sold, Price, Language, Description, Rating, Page, Image) VALUES (13, 'শ্রাবণ মেঘের দিন', 101, 'সময় প্রকাশনী', 1998, 'সমকালীন উপন্যাস', 10, 0, 320, 'Bangla', null, 0, 200, '/images/books/defaultbook.jpg');
INSERT INTO ROKOMARI.Book(ID, Title, Writer_ID, Publisher, Date_Published, Genre, Quantity_in_stock, Quantity_sold, Price, Language, Description, Rating, Page, Image) VALUES (14, 'মেঘ বলেছে যাব যাব', 101, 'অবসর প্রকাশনী', 1997, 'সমকালীন উপন্যাস', 10, 0, 450, 'Bangla', null, 0, 288, '/images/books/defaultbook.jpg');
INSERT INTO ROKOMARI.Book(ID, Title, Writer_ID, Publisher, Date_Published, Genre, Quantity_in_stock, Quantity_sold, Price, Language, Description, Rating, Page, Image) VALUES (15, 'বহুব্রীহি', 101, 'আফসার ব্রাদার্স', 1991, 'সমকালীন উপন্যাস', 10, 0, 350, 'Bangla', null, 0, 192, '/images/books/defaultbook.jpg');
INSERT INTO ROKOMARI.Book(ID, Title, Writer_ID, Publisher, Date_Published, Genre, Quantity_in_stock, Quantity_sold, Price, Language, Description, Rating, Page, Image) VALUES (16, 'উত্তরাধিকার', 102, 'নবযুগ প্রকাশনী', 1980, 'সমকালীন উপন্যাস', 10, 0, 645, 'Bangla', null, 0, 477, '/images/books/defaultbook.jpg');
