--1 Writer 
INSERT INTO ROKOMARI.Writer(ID, Name, Description, Image) VALUES (100, 'মুহম্মদ জাফর ইকবাল', 'বাংলাদেশের কিশোর-কিশোরী পাঠকদের কাছে সবচেয়ে জনপ্রিয় নাম মুহম্মদ জাফর ইকবাল। তিনি মূলত এ দেশের একজন বিখ্যাত লেখক, পদার্থবিদ এবং শিক্ষাবিদ। কিশোর সাহিত্য, শিশুতোষ গ্রন্থ, বৈজ্ঞানিক কল্পকাহিনী, গণিত বিষয়ক বই এর জন্য খুব অল্প সময়েই জনপ্রিয়তা লাভ করেন তিনি।', '/images/writer/defaultbook.jpg');
INSERT INTO ROKOMARI.Writer(ID, Name, Description, Image) VALUES (101, 'হুমায়ূন আহমেদ', 'বাংলা সাহিত্যের এক কিংবদন্তী হুমায়ূন আহমেদ। বিংশ শতাব্দীর বাঙালি লেখকদের মধ্যে তিনি অন্যতম স্থান দখল করে আছেন। একাধারে ঔপন্যাসিক, ছোটগল্পকার ও নাট্যকার এ মানুষটিকে বলা হয় বাংলা সায়েন্স ফিকশনের পথিকৃৎ। নাটক ও চলচ্চিত্র পরিচালক হিসেবেও তিনি বেশ সমাদৃত। বাদ যায়নি গীতিকার কিংবা চিত্রশিল্পীর পরিচয়ও। ', '/images/writer/defaultbook.jpg');
INSERT INTO ROKOMARI.Writer(ID, Name, Description, Image) VALUES (102, 'সমরেশ মজুমদার', '১৯৪২ সালের ১০ই মার্চ পশ্চিমবঙ্গের জলপাইগুড়িতে জন্ম বিশিষ্ট কথাসাহিত্যিক এবং ঔপন্যাসিক সমরেশ মজুমদারের। তাঁর শৈশব কাটে প্রকৃতির কোলে, চা বাগানে ঘুরে, আদিবাসী শিশুদের সাথে খেলে। এ কারণেই সমরেশ মজুমদার এর বই সমগ্রতে বারবার উঠে আসে পশ্চিমবঙ্গের জলপাইগুড়ি, চা বাগান, বৃষ্টি কিংবা পাহাড়ের কথা।', '/images/writer/defaultbook.jpg');
INSERT INTO ROKOMARI.Writer(ID, Name, Description, Image) VALUES (103, 'রবীন্দ্রনাথ ঠাকুর', 'বিশ্বকবি রবীন্দ্রনাথ ঠাকুর ছিলেন একাধারে ঔপন্যাসিক, নাট্যকার, প্রাবন্ধিক, ছোটগল্পকার, চিত্রশিল্পী, সংগীতস্রষ্টা, অভিনেতা, কন্ঠশিল্পী, কবি, সমাজ-সংস্কারক এবং দার্শনিক। গীতাঞ্জলি কাব্যগ্রন্থের ইংরেজি অনুবাদের জন্য প্রথম বাঙালি হিসেবে ১৯১৩ সালে তিনি সাহিত্যে নোবেল পুরষ্কার লাভ করেন।', '/images/writer/defaultbook.jpg');
INSERT INTO ROKOMARI.Writer(ID, Name, Description, Image) VALUES (104, 'সুনীল গঙ্গোপাধ্যায়', 'বিশ শতকের শেষাংশে জন্ম নেওয়া সব্যসাচী একজন বাঙ্গালি সাহিত্যিক সুনীল গঙ্গোপাধ্যায়। একাধারে কবি, ঔপন্যাসিক, ছোটগল্পকার, সম্পাদক, সাংবাদিক ও কলামিস্ট- এমন বহু পরিচয়ে সাহিত্যের অগণিত ক্ষেত্রে তিনি রেখেছেন তাঁর সুকুমার ছাপ। ', '/images/writer/defaultbook.jpg');
--added later
INSERT INTO ROKOMARI.Writer(ID, Name, Description, Image) VALUES (105, 'হাসান আজিজুল হক', 'সাম্প্রতিক বাংলা সাহিত্যের গৌরবময় একটি নাম হাসান আজিজুল হক। ১৯৭৩ সাল থেকে রাজশাহী বিশ্ববিদ্যালয়ে দর্শনের অধ্যাপক, এখন অবসরপ্রাপ্ত। অধ্যাপনার সঙ্গে সঙ্গে দীর্ঘকাল অনেক গল্পের স্ৰষ্টা তিনি।', '/images/writer/defaultbook.jpg');
INSERT INTO ROKOMARI.Writer(ID, Name, Description, Image) VALUES (106, 'আখতারুজ্জামান ইলিয়াস', 'আখতারুজ্জামান ইলিয়াস রচনাসমগ্র এবং বাংলা সাহিত্যে বহুমাত্রিক অবদানের জন্য ১৯৮৩ সালে বাংলা একাডেমি পুরস্কার এবং ১৯৯৬ সালে আনন্দ পুরস্কার পান।', '/images/writer/defaultbook.jpg');
INSERT INTO ROKOMARI.Writer(ID, Name, Description, Image) VALUES (107, 'সেলিনা হোসেন', '২১টি উপন্যাস, ৭টি গল্পগ্রন্থ ও ৪টি প্রবন্ধগ্রন্থের রচয়িতা সেলিনা হোসেন বাংলাদেশের একজন জনপ্রিয় কথাসাহিত্যিক। সমকালীন রাজনৈতিক সংকট ও দ্বন্দ্বের উৎস ও প্রেক্ষাপট উঠে এসেছে সেলিনা হোসেন এর বই সমূহ-তে। সেলিনা হোসেন এর বই সমগ্র অনূদিত হয়েছে ইংরেজি, রুশসহ একাধিক ভাষায়। ', '/images/writer/defaultbook.jpg');
INSERT INTO ROKOMARI.Writer(ID, Name, Description, Image) VALUES (108, 'সত্যজিৎ রায়', 'সত্যজিৎ রায় এক বাঙালি কিংবদন্তী, যিনি বিংশ শতাব্দীর অন্যতম শ্রেষ্ঠ চলচ্চিত্রকারের খ্যাতি অর্জন করেছিলেন বিশ্বদরবারে। কর্মজীবনে একইসাথে চিত্রনাট্য রচনা, সঙ্গীত স্বরলিপি রচনা, সম্পাদনা, প্রকাশক, চিত্রকর, গ্রাফিক নকশাবিদ, লেখক ও চলচ্চিত্র সমালোচক হিসেবে ভূমিকা রেখেছেন অসম্ভব গুণী এই মানুষটি।', '/images/writer/defaultbook.jpg');
---added later
INSERT INTO ROKOMARI.Writer(ID, Name, Description, Image) VALUES (109, 'বিভূতিভূষণ বন্দ্যোপাধ্যায়', 'বাংলা সাহিত্যের অন্যতম পথিকৃৎ বিভূতিভূষণ বন্দ্যোপাধ্যায় বেশ কিছু কালজয়ী উপন্যাস রচনার মাধ্যমে জয় করে নিয়েছেন বাংলা ভাষাভাষী পাঠকদের হৃদয়। শুধু উপন্যাসই নয়, এর পাশাপাশি তিনি রচনা করেছেন বিভিন্ন ছোটগল্প, ভ্রমণকাহিনী, দিনলিপি ইত্যাদি।', '/images/writer/defaultbook.jpg');
INSERT INTO ROKOMARI.Writer(ID, Name, Description, Image) VALUES (110, 'মানিক বন্দ্যোপাধ্যায়', 'শ্রমজীবী মানুষের সংগ্রাম, মধ্যবিত্ত সমাজের কৃত্রিমতা, নিয়তিবাদ ইত্যাদি বিষয়কে লেখার মধ্যে তুলে এনে বাংলা সাহিত্যে যিনি অমর হয়েছেন, তিনি হলেন প্রখ্যাত ভারতীয় বাঙালি কথাসাহিত্যিক মানিক বন্দ্যোপাধ্যায়। ', '/images/writer/defaultbook.jpg');
INSERT INTO ROKOMARI.Writer(ID, Name, Description, Image) VALUES (111, 'শীর্ষেন্দু মুখোপাধ্যায়', 'পশ্চিমবঙ্গের জনপ্রিয় কথাসাহিত্যিক শীর্ষেন্দু মুখোপাধ্যায় ১৯৩৫ সালের ২রা নভেম্বর বাংলাদেশের ময়মনসিংহ জেলায় জন্মগ্রহণ করেন। ১৯৮৮ সালে ‘মানবজমিন’ উপন্যাসের জন্য অর্জন করেন ‘সাহিত্য আকাদেমি পুরস্কার’। ', '/images/writer/defaultbook.jpg');
INSERT INTO ROKOMARI.Writer(ID, Name, Description, Image) VALUES (112, 'আনিসুল হক', 'আনিসুল হক, বাংলাদেশে গত শতাব্দীর আশির দশকে আবির্ভূত হওয়া একজন প্রখ্যাত কবি, কথাসাহিত্যিক, নাট্যকার ও সাংবাদিক। কবিতা, গল্প, উপন্যাস, গদ্যকার্টুন, রম্যরচনা, ভ্রমণকাহিনী, শিশুসাহিত্যসহ সাহিত্যের নানা ক্ষেত্রে রয়েছে তার সাবলীল বিচরণ।', '/images/writer/defaultbook.jpg');
INSERT INTO ROKOMARI.Writer(ID, Name, Description, Image) VALUES (113, 'আহমদ ছফা', 'বাঙালি মুসলিম লেখকদের মধ্যে অন্যতম কীর্তিমান কথাসাহিত্যিক আহমদ ছফা একাধারে ছিলেন কবি, ঔপন্যাসিক, সাংবাদিক, গণবুদ্ধিজীবী ও চিন্তাবিদ।', '/images/writer/defaultbook.jpg');
INSERT INTO ROKOMARI.Writer(ID, Name, Description, Image) VALUES (114, 'তামিম শাহরিয়ার সুবিন', 'তামিম শাহরিয়ার সুবিন পেশায় একজন সফটওয়্যার ইঞ্জিনিয়ার। তিনি বাংলাদেশে থাকাকালে মুক্ত সফটওয়্যার লিমিটেড ও দ্বিমিক কম্পিউটিং নামক দুটি প্রতিষ্ঠান গড়ে তোলেন। বাংলাদেশ গণিত অলিম্পিয়াডের একজন একাডেমিক কাউন্সিলর হিসেবেও নিয়োজিত রয়েছেন।', '/images/writer/defaultbook.jpg');
INSERT INTO ROKOMARI.Writer(ID, Name, Description, Image) VALUES (115, 'জহির রায়হান', 'বাংলা সাহিত্য ও চলচ্চিত্রের এক উজ্জ্বল নক্ষত্র জহির রায়হান, যিনি শুধু একজন প্রখ্যাত সাহিত্যিকই নন, একাধারে ছিলেন গল্পকার, ঔপন্যাসিক, সাংবাদিক ও চলচ্চিত্র পরিচালক। ', '/images/writer/defaultbook.jpg');
INSERT INTO ROKOMARI.Writer(ID, Name, Description, Image) VALUES (116, 'সৈয়দ মুজতবা আলী', 'বিশিষ্ট পণ্ডিত ও রম্যরচয়িতা সৈয়দ মুজতবা আলী বাংলাদেশের একজন খ্যাতিমান সাহিত্যিক। শুধু রম্যরচনাই নয়, ছোটগল্প, উপন্যাস, অনুবাদ, ভ্রমণকাহিনী সাহিত্যের ইত্যাদি বিশেষ শাখায় রচিত সৈয়দ মুজতবা আলী এর বই সমূহ অর্জন করেছে বিশেষ খ্যাতি। ', '/images/writer/defaultbook.jpg');



--2 Publisher
INSERT INTO ROKOMARI.Publisher(Name, Address, Email, Password) VALUES ('পার্ল পাবলিকেশন্স', null, 'parl123@gmail.com', 'abcde');
INSERT INTO ROKOMARI.Publisher(Name, Address, Email, Password) VALUES ('কাকলী প্রকাশনী', null, 'kakoli123@gmail.com', 'abcdf');
INSERT INTO ROKOMARI.Publisher(Name, Address, Email, Password) VALUES ('প্রতীক প্রকাশনী', null, 'protik123@gmail.com', 'abcde');
INSERT INTO ROKOMARI.Publisher(Name, Address, Email, Password) VALUES ('সময় প্রকাশনী', null, 'somoy123@gmail.com', 'abcde');
INSERT INTO ROKOMARI.Publisher(Name, Address, Email, Password) VALUES ('অন্যপ্রকাশ', null, 'onnol123@gmail.com', 'abcde');
INSERT INTO ROKOMARI.Publisher(Name, Address, Email, Password) VALUES ('অনন্যা প্রকাশনী', null, 'ananna123@gmail.com', 'abcde');
INSERT INTO ROKOMARI.Publisher(Name, Address, Email, Password) VALUES ('অবসর প্রকাশনী', null, 'oboshor123@gmail.com', 'abcde');
INSERT INTO ROKOMARI.Publisher(Name, Address, Email, Password) VALUES ('আফসার ব্রাদার্স', null, 'afsar123@gmail.com', 'abcde');
INSERT INTO ROKOMARI.Publisher(Name, Address, Email, Password) VALUES ('নবযুগ প্রকাশনী', null, 'nobojug123@gmail.com', 'abcde');

--added later
INSERT INTO ROKOMARI.Publisher(Name, Address, Email, Password) VALUES ('মিত্র ও ঘোষ পাবলিশার্স', null, 'mitroGhoshal@gmail.com', 'abcde');
INSERT INTO ROKOMARI.Publisher(Name, Address, Email, Password) VALUES ('মেরিট ফেয়ার প্রকাশন', null, 'meritfair@gmail.com', 'abcde');
INSERT INTO ROKOMARI.Publisher(Name, Address, Email, Password) VALUES ('দি স্কাই পাবলিশার্স', null, 'skypublication@gmail.com', 'abcde');
INSERT INTO ROKOMARI.Publisher(Name, Address, Email, Password) VALUES ('আনন্দ পাবলিশার্স', null, 'anondopublication@gmail.com', 'abcde');
INSERT INTO ROKOMARI.Publisher(Name, Address, Email, Password) VALUES ('ইত্যাদি গ্রন্থ প্রকাশ', null, 'ittyadipublication@gmail.com', 'abcde');
INSERT INTO ROKOMARI.Publisher(Name, Address, Email, Password) VALUES ('মাওলা ব্রাদার্স', null, 'mbrotherspublication@gmail.com', 'abcde');

--added later
INSERT INTO ROKOMARI.Publisher(Name, Address, Email, Password) VALUES ('আপন প্রকাশ', null, 'apon34@gmail.com', 'abcde');
INSERT INTO ROKOMARI.Publisher(Name, Address, Email, Password) VALUES ('প্রপা প্রকাশন', null, 'propa@gmail.com', 'abcde');
INSERT INTO ROKOMARI.Publisher(Name, Address, Email, Password) VALUES ('শাহবাজপুর প্রকাশনী', null, 'shahbaj@gmail.com', 'abcde');
INSERT INTO ROKOMARI.Publisher(Name, Address, Email, Password) VALUES ('বিভাস', null, 'bivash@gmail.com', 'abcde');
INSERT INTO ROKOMARI.Publisher(Name, Address, Email, Password) VALUES ('জ্যোৎস্না পাবলিশার্স', null, 'abcde@gmail.com', 'abcde');
INSERT INTO ROKOMARI.Publisher(Name, Address, Email, Password) VALUES ('প্রথমা প্রকাশন', null, 'mbrotherspublication@gmail.com', 'abcde');
INSERT INTO ROKOMARI.Publisher(Name, Address, Email, Password) VALUES ('দ্বিমিক প্রকাশনী', null, 'dwimik@gmail.com', 'abcde');
INSERT INTO ROKOMARI.Publisher(Name, Address, Email, Password) VALUES ('অনুপম প্রকাশনী', null, 'anupom@gmail.com', 'abcde');
INSERT INTO ROKOMARI.Publisher(Name, Address, Email, Password) VALUES ('বিশ্বসাহিত্য কেন্দ্র', null, 'bsk@gmail.com', 'abcde');


--3 Book
INSERT INTO ROKOMARI.Book(ID, Title, Writer_ID, Publisher, Date_Published, Genre, Quantity_in_stock, Quantity_sold, Price, Language, Description, Rating, Page, Image) VALUES (1, 'আমি তপু', 100, 'পার্ল পাবলিকেশন্স', 2005, 'শিশু-কিশোর উপন্যাস', 10, 0, 250, 'Bangla', null, 0, 123, '/images/books/defaultbook.jpg');
INSERT INTO ROKOMARI.Book(ID, Title, Writer_ID, Publisher, Date_Published, Genre, Quantity_in_stock, Quantity_sold, Price, Language, Description, Rating, Page, Image) VALUES (2, 'আমার বন্ধু রাশেদ', 100, 'কাকলী প্রকাশনী', 1998, 'মুক্তিযুদ্ধের উপন্যাস', 10, 0, 350, 'Bangla', null, 0, 152, '/images/books/defaultbook.jpg');
INSERT INTO ROKOMARI.Book(ID, Title, Writer_ID, Publisher, Date_Published, Genre, Quantity_in_stock, Quantity_sold, Price, Language, Description, Rating, Page, Image) VALUES (3, 'দস্যি কজন', 100, 'প্রতীক প্রকাশনী', 2004, 'শিশু-কিশোর উপন্যাস', 10, 0, 250, 'Bangla', null, 0, 160, '/images/books/defaultbook.jpg');
INSERT INTO ROKOMARI.Book(ID, Title, Writer_ID, Publisher, Date_Published, Genre, Quantity_in_stock, Quantity_sold, Price, Language, Description, Rating, Page, Image) VALUES (4, 'দীপু নাম্বার টু', 100, 'সময় প্রকাশনী', 1996, 'শিশু-কিশোর উপন্যাস', 10, 0, 175, 'Bangla', null, 0, 87, '/images/books/defaultbook.jpg');
INSERT INTO ROKOMARI.Book(ID, Title, Writer_ID, Publisher, Date_Published, Genre, Quantity_in_stock, Quantity_sold, Price, Language, Description, Rating, Page, Image) VALUES (5, 'টুনটুনি ও ছোটাচ্চু', 100, 'পার্ল পাবলিকেশন্স', 2014, 'শিশু-কিশোর উপন্যাস', 10, 0, 300, 'Bangla', null, 0, 144, '/images/books/defaultbook.jpg');
INSERT INTO ROKOMARI.Book(ID, Title, Writer_ID, Publisher, Date_Published, Genre, Quantity_in_stock, Quantity_sold, Price, Language, Description, Rating, Page, Image) VALUES (6, 'টুকুনজিল', 100, 'অনন্যা প্রকাশনী', 2005, 'সায়েন্স ফিকশন', 10, 0, 225, 'Bangla', null, 0, 95, '/images/books/defaultbook.jpg');
INSERT INTO ROKOMARI.Book(ID, Title, Writer_ID, Publisher, Date_Published, Genre, Quantity_in_stock, Quantity_sold, Price, Language, Description, Rating, Page, Image) VALUES (7, 'এনিম্যান', 100, 'সময় প্রকাশনী', 2012, 'সায়েন্স ফিকশন', 10, 0, 240, 'Bangla', null, 0, 128, '/images/books/defaultbook.jpg');
INSERT INTO ROKOMARI.Book(ID, Title, Writer_ID, Publisher, Date_Published, Genre, Quantity_in_stock, Quantity_sold, Price, Language, Description, Rating, Page, Image) VALUES (8, 'রঙিন চশমা', 100, 'প্রতীক প্রকাশনী', 2008, 'আত্মজীবনী', 10, 0, 175, 'Bangla', null, 0, 96, '/images/books/defaultbook.jpg');
INSERT INTO ROKOMARI.Book(ID, Title, Writer_ID, Publisher, Date_Published, Genre, Quantity_in_stock, Quantity_sold, Price, Language, Description, Rating, Page, Image) VALUES (9, 'শ্যামল ছায়া', 101, 'অন্যপ্রকাশ', 2003, 'মুক্তিযুদ্ধের উপন্যাস', 10, 0, 175, 'Bangla', null, 0, 48, '/images/books/defaultbook.jpg');
INSERT INTO ROKOMARI.Book(ID, Title, Writer_ID, Publisher, Date_Published, Genre, Quantity_in_stock, Quantity_sold, Price, Language, Description, Rating, Page, Image) VALUES (10, 'শঙ্খনীল কারাগার', 101, 'অন্যপ্রকাশ', 1973, 'সমকালীন উপন্যাস', 10, 0, 280, 'Bangla', null, 0, 85, '/images/books/defaultbook.jpg');
INSERT INTO ROKOMARI.Book(ID, Title, Writer_ID, Publisher, Date_Published, Genre, Quantity_in_stock, Quantity_sold, Price, Language, Description, Rating, Page, Image) VALUES (11, 'কোথাও কেউ নেই', 101, 'কাকলী প্রকাশনী', 1990, 'সমকালীন উপন্যাস', 10, 0, 400, 'Bangla', null, 0, 253, '/images/books/defaultbook.jpg');
INSERT INTO ROKOMARI.Book(ID, Title, Writer_ID, Publisher, Date_Published, Genre, Quantity_in_stock, Quantity_sold, Price, Language, Description, Rating, Page, Image) VALUES (12, 'এইসব দিনরাত্রি', 101, 'অনন্যা প্রকাশনী', 1985, 'সমকালীন উপন্যাস', 10, 0, 450, 'Bangla', null, 0, 320, '/images/books/defaultbook.jpg');
INSERT INTO ROKOMARI.Book(ID, Title, Writer_ID, Publisher, Date_Published, Genre, Quantity_in_stock, Quantity_sold, Price, Language, Description, Rating, Page, Image) VALUES (13, 'শ্রাবণ মেঘের দিন', 101, 'সময় প্রকাশনী', 1998, 'সমকালীন উপন্যাস', 10, 0, 320, 'Bangla', null, 0, 200, '/images/books/defaultbook.jpg');
INSERT INTO ROKOMARI.Book(ID, Title, Writer_ID, Publisher, Date_Published, Genre, Quantity_in_stock, Quantity_sold, Price, Language, Description, Rating, Page, Image) VALUES (14, 'মেঘ বলেছে যাব যাব', 101, 'অবসর প্রকাশনী', 1997, 'সমকালীন উপন্যাস', 10, 0, 450, 'Bangla', null, 0, 288, '/images/books/defaultbook.jpg');
INSERT INTO ROKOMARI.Book(ID, Title, Writer_ID, Publisher, Date_Published, Genre, Quantity_in_stock, Quantity_sold, Price, Language, Description, Rating, Page, Image) VALUES (15, 'বহুব্রীহি', 101, 'আফসার ব্রাদার্স', 1991, 'সমকালীন উপন্যাস', 10, 0, 350, 'Bangla', null, 0, 192, '/images/books/defaultbook.jpg');
INSERT INTO ROKOMARI.Book(ID, Title, Writer_ID, Publisher, Date_Published, Genre, Quantity_in_stock, Quantity_sold, Price, Language, Description, Rating, Page, Image) VALUES (16, 'উত্তরাধিকার', 102, 'নবযুগ প্রকাশনী', 1980, 'রাজনৈতিক উপন্যাস', 10, 0, 645, 'Bangla', null, 0, 477, '/images/books/defaultbook.jpg');

--added later 
INSERT INTO ROKOMARI.Book(ID, Title, Writer_ID, Publisher, Date_Published, Genre, Quantity_in_stock, Quantity_sold, Price, Language, Description, Rating, Page, Image) VALUES (17, 'কালবেলা', 102, 'নবযুগ প্রকাশনী', 1981, 'রাজনৈতিক উপন্যাস', 10, 0, 585, 'Bangla', null, 0, 432, '/images/books/defaultbook.jpg');
INSERT INTO ROKOMARI.Book(ID, Title, Writer_ID, Publisher, Date_Published, Genre, Quantity_in_stock, Quantity_sold, Price, Language, Description, Rating, Page, Image) VALUES (18, 'কালপুরুষ', 102, 'নবযুগ প্রকাশনী', 1985, 'রাজনৈতিক উপন্যাস', 10, 0, 650, 'Bangla', null, 0, 488, '/images/books/defaultbook.jpg');
INSERT INTO ROKOMARI.Book(ID, Title, Writer_ID, Publisher, Date_Published, Genre, Quantity_in_stock, Quantity_sold, Price, Language, Description, Rating, Page, Image) VALUES (19, 'গর্ভধারিণী', 102, 'মিত্র ও ঘোষ পাবলিশার্স', 1986, 'রাজনৈতিক উপন্যাস', 10, 0, 1080, 'Bangla', null, 0, 384, '/images/books/defaultbook.jpg');
INSERT INTO ROKOMARI.Book(ID, Title, Writer_ID, Publisher, Date_Published, Genre, Quantity_in_stock, Quantity_sold, Price, Language, Description, Rating, Page, Image) VALUES (20, 'সাতকাহন', 102, 'নবযুগ প্রকাশনী', 1976, 'সমকালীন উপন্যাস', 10, 0, 980, 'Bangla', null, 0, 848, '/images/books/defaultbook.jpg');
INSERT INTO ROKOMARI.Book(ID, Title, Writer_ID, Publisher, Date_Published, Genre, Quantity_in_stock, Quantity_sold, Price, Language, Description, Rating, Page, Image) VALUES (21, 'গোরা', 103, 'কাকলী প্রকাশনী', 1910, 'চিরায়ত উপন্যাস', 10, 0, 150, 'Bangla', null, 0, 238, '/images/books/defaultbook.jpg');
INSERT INTO ROKOMARI.Book(ID, Title, Writer_ID, Publisher, Date_Published, Genre, Quantity_in_stock, Quantity_sold, Price, Language, Description, Rating, Page, Image) VALUES (22, 'শেষের কবিতা', 103, 'মেরিট ফেয়ার প্রকাশন', 1929, 'চিরায়ত উপন্যাস', 10, 0, 180, 'Bangla', null, 0, 96, '/images/books/defaultbook.jpg');
INSERT INTO ROKOMARI.Book(ID, Title, Writer_ID, Publisher, Date_Published, Genre, Quantity_in_stock, Quantity_sold, Price, Language, Description, Rating, Page, Image) VALUES (23, 'সোনার তরী', 103, 'কাকলী প্রকাশনী', 1894, 'কাব্যগ্রন্থ', 10, 0, 100, 'Bangla', null, 0, 96, '/images/books/defaultbook.jpg');
INSERT INTO ROKOMARI.Book(ID, Title, Writer_ID, Publisher, Date_Published, Genre, Quantity_in_stock, Quantity_sold, Price, Language, Description, Rating, Page, Image) VALUES (24, 'গীতাঞ্জলি', 103, 'দি স্কাই পাবলিশার্স', 1910, 'কাব্যগ্রন্থ', 10, 0, 150, 'Bangla', null, 0, 95, '/images/books/defaultbook.jpg');
INSERT INTO ROKOMARI.Book(ID, Title, Writer_ID, Publisher, Date_Published, Genre, Quantity_in_stock, Quantity_sold, Price, Language, Description, Rating, Page, Image) VALUES (25, 'রক্তকরবী', 103, 'দি স্কাই পাবলিশার্স', 1926, 'নাটক', 10, 0, 160, 'Bangla', null, 0, 59, '/images/books/defaultbook.jpg');
INSERT INTO ROKOMARI.Book(ID, Title, Writer_ID, Publisher, Date_Published, Genre, Quantity_in_stock, Quantity_sold, Price, Language, Description, Rating, Page, Image) VALUES (26, 'পূর্ব-পশ্চিম', 104, 'আনন্দ পাবলিশার্স', 2000, 'রাজনৈতিক উপন্যাস', 10, 0, 2160, 'Bangla', null, 0, 987, '/images/books/defaultbook.jpg');
INSERT INTO ROKOMARI.Book(ID, Title, Writer_ID, Publisher, Date_Published, Genre, Quantity_in_stock, Quantity_sold, Price, Language, Description, Rating, Page, Image) VALUES (27, 'আগুনপাখি', 105, 'ইত্যাদি গ্রন্থ প্রকাশ', 2006, 'ঐতিহাসিক উপন্যাস', 10, 0, 350, 'Bangla', null, 0, 228, '/images/books/defaultbook.jpg');
INSERT INTO ROKOMARI.Book(ID, Title, Writer_ID, Publisher, Date_Published, Genre, Quantity_in_stock, Quantity_sold, Price, Language, Description, Rating, Page, Image) VALUES (28, 'খোয়াবনামা', 106, 'মাওলা ব্রাদার্স', 1996, 'সমকালীন উপন্যাস', 10, 0, 550, 'Bangla', null, 0, 352, '/images/books/defaultbook.jpg');
INSERT INTO ROKOMARI.Book(ID, Title, Writer_ID, Publisher, Date_Published, Genre, Quantity_in_stock, Quantity_sold, Price, Language, Description, Rating, Page, Image) VALUES (29, 'হাঙর নদী গ্রেনেড', 107, 'অনন্যা প্রকাশনী', 1976, 'মুক্তিযুদ্ধের উপন্যাস', 10, 0, 250, 'Bangla', null, 0, 111, '/images/books/defaultbook.jpg');
INSERT INTO ROKOMARI.Book(ID, Title, Writer_ID, Publisher, Date_Published, Genre, Quantity_in_stock, Quantity_sold, Price, Language, Description, Rating, Page, Image) VALUES (30, 'ফেলুদা সমগ্র', 108, 'আনন্দ পাবলিশার্স', 2005, 'গোয়েন্দা উপন্যাস', 10, 0, 3600, 'Bangla', null, 0, 1418, '/images/books/defaultbook.jpg');

--added later
INSERT INTO ROKOMARI.Book(ID, Title, Writer_ID, Publisher, Date_Published, Genre, Quantity_in_stock, Quantity_sold, Price, Language, Description, Rating, Page, Image) VALUES (31, 'পথের পাঁচালী', 109, 'আপন প্রকাশ', 2016, 'চিরায়ত উপন্যাস', 10, 0, 300, 'Bangla', null, 0, 240, '/images/books/defaultbook.jpg');
INSERT INTO ROKOMARI.Book(ID, Title, Writer_ID, Publisher, Date_Published, Genre, Quantity_in_stock, Quantity_sold, Price, Language, Description, Rating, Page, Image) VALUES (32, 'আরণ্যক', 109, 'অবসর প্রকাশনী', 2020, 'চিরায়ত উপন্যাস', 10, 0, 220, 'Bangla', null, 0, 144, '/images/books/defaultbook.jpg');
INSERT INTO ROKOMARI.Book(ID, Title, Writer_ID, Publisher, Date_Published, Genre, Quantity_in_stock, Quantity_sold, Price, Language, Description, Rating, Page, Image) VALUES (33, 'চাঁদের পাহাড়', 109, 'প্রপা প্রকাশন', 2014, 'অ্যাডভেঞ্চার', 10, 0, 190, 'Bangla', null, 0, 127, '/images/books/defaultbook.jpg');
INSERT INTO ROKOMARI.Book(ID, Title, Writer_ID, Publisher, Date_Published, Genre, Quantity_in_stock, Quantity_sold, Price, Language, Description, Rating, Page, Image) VALUES (34, 'আদর্শ হিন্দু হোটেল', 109, 'শাহবাজপুর প্রকাশনী', 2021, 'চিরায়ত উপন্যাস', 10, 0, 250, 'Bangla', null, 0, 160, '/images/books/defaultbook.jpg');
INSERT INTO ROKOMARI.Book(ID, Title, Writer_ID, Publisher, Date_Published, Genre, Quantity_in_stock, Quantity_sold, Price, Language, Description, Rating, Page, Image) VALUES (35, 'পুতুলনাচের ইতিকথা', 110, 'অবসর প্রকাশনী', 2017, 'চিরায়ত উপন্যাস', 10, 0, 250, 'Bangla', null, 0, 175, '/images/books/defaultbook.jpg');
INSERT INTO ROKOMARI.Book(ID, Title, Writer_ID, Publisher, Date_Published, Genre, Quantity_in_stock, Quantity_sold, Price, Language, Description, Rating, Page, Image) VALUES (36, 'দিবারাত্রির কাব্য', 110, 'বিভাস', 2013, 'চিরায়ত উপন্যাস', 10, 0, 150, 'Bangla', null, 0, 104, '/images/books/defaultbook.jpg');
INSERT INTO ROKOMARI.Book(ID, Title, Writer_ID, Publisher, Date_Published, Genre, Quantity_in_stock, Quantity_sold, Price, Language, Description, Rating, Page, Image) VALUES (37, 'পদ্মা নদীর মাঝি', 110, 'আপন প্রকাশ', 2015, 'চিরায়ত উপন্যাস', 10, 0, 175, 'Bangla', null, 0, 111, '/images/books/defaultbook.jpg');
INSERT INTO ROKOMARI.Book(ID, Title, Writer_ID, Publisher, Date_Published, Genre, Quantity_in_stock, Quantity_sold, Price, Language, Description, Rating, Page, Image) VALUES (38, 'প্রাগৈতিহাসিক', 110, 'বিভাস', 2015, 'গল্পসমগ্র', 10, 0, 200, 'Bangla', null, 0, 112, '/images/books/defaultbook.jpg');
INSERT INTO ROKOMARI.Book(ID, Title, Writer_ID, Publisher, Date_Published, Genre, Quantity_in_stock, Quantity_sold, Price, Language, Description, Rating, Page, Image) VALUES (39, 'পার্থিব', 111, 'জ্যোৎস্না পাবলিশার্স', 2017, 'চিরায়ত উপন্যাস', 10, 0, 700, 'Bangla', null, 0, 736, '/images/books/defaultbook.jpg');
INSERT INTO ROKOMARI.Book(ID, Title, Writer_ID, Publisher, Date_Published, Genre, Quantity_in_stock, Quantity_sold, Price, Language, Description, Rating, Page, Image) VALUES (40, 'দূরবীন', 111, 'জ্যোৎস্না পাবলিশার্স', 2013, 'সমকালীন উপন্যাস', 10, 0, 500, 'Bangla', null, 0, 492, '/images/books/defaultbook.jpg');
INSERT INTO ROKOMARI.Book(ID, Title, Writer_ID, Publisher, Date_Published, Genre, Quantity_in_stock, Quantity_sold, Price, Language, Description, Rating, Page, Image) VALUES (41, 'মানবজমিন', 111, 'জ্যোৎস্না পাবলিশার্স', 2017, 'সমকালীন উপন্যাস', 10, 0, 400, 'Bangla', null, 0, 228, '/images/books/defaultbook.jpg');
INSERT INTO ROKOMARI.Book(ID, Title, Writer_ID, Publisher, Date_Published, Genre, Quantity_in_stock, Quantity_sold, Price, Language, Description, Rating, Page, Image) VALUES (42, 'মা', 112, 'সময় প্রকাশনী', 2015, 'মুক্তিযুদ্ধের উপন্যাস', 10, 0, 500, 'Bangla', null, 0, 288, '/images/books/defaultbook.jpg');
INSERT INTO ROKOMARI.Book(ID, Title, Writer_ID, Publisher, Date_Published, Genre, Quantity_in_stock, Quantity_sold, Price, Language, Description, Rating, Page, Image) VALUES (43, 'যারা ভোর এনেছিল', 112, 'প্রথমা প্রকাশন', 2016, 'ঐতিহাসিক উপন্যাস', 10, 0, 600, 'Bangla', null, 0, 303, '/images/books/defaultbook.jpg');
INSERT INTO ROKOMARI.Book(ID, Title, Writer_ID, Publisher, Date_Published, Genre, Quantity_in_stock, Quantity_sold, Price, Language, Description, Rating, Page, Image) VALUES (44, 'যদ্যপি আমার গুরু', 113, 'মাওলা ব্রাদার্স', 2005, 'স্মৃতিচারণ', 10, 0, 200, 'Bangla', null, 0, 110, '/images/books/defaultbook.jpg');
INSERT INTO ROKOMARI.Book(ID, Title, Writer_ID, Publisher, Date_Published, Genre, Quantity_in_stock, Quantity_sold, Price, Language, Description, Rating, Page, Image) VALUES (45, 'কম্পিউটার প্রোগ্রামিং-প্রথম খণ্ড', 114, 'দ্বিমিক প্রকাশনী', 2019, 'প্রোগ্রামিং বেসিক বই', 10, 0, 350, 'Bangla', null, 0, 188, '/images/books/defaultbook.jpg');
INSERT INTO ROKOMARI.Book(ID, Title, Writer_ID, Publisher, Date_Published, Genre, Quantity_in_stock, Quantity_sold, Price, Language, Description, Rating, Page, Image) VALUES (46, 'পাইথন দিয়ে প্রোগ্রামিং শেখা', 114, 'দ্বিমিক প্রকাশনী', 2017, 'প্রোগ্রামিং বেসিক বই', 10, 0, 250, 'Bangla', null, 0, 118, '/images/books/defaultbook.jpg');
INSERT INTO ROKOMARI.Book(ID, Title, Writer_ID, Publisher, Date_Published, Genre, Quantity_in_stock, Quantity_sold, Price, Language, Description, Rating, Page, Image) VALUES (47, 'হাজার বছর ধরে', 115, 'অনুপম প্রকাশনী', 1980, 'চিরায়ত উপন্যাস', 10, 0, 150, 'Bangla', null, 0, 64, '/images/books/defaultbook.jpg');
INSERT INTO ROKOMARI.Book(ID, Title, Writer_ID, Publisher, Date_Published, Genre, Quantity_in_stock, Quantity_sold, Price, Language, Description, Rating, Page, Image) VALUES (48, 'আরেক ফাল্গুন', 115, 'অনুপম প্রকাশনী', 1970, 'রাজনৈতিক উপন্যাস', 10, 0, 120, 'Bangla', null, 0, 72, '/images/books/defaultbook.jpg');
INSERT INTO ROKOMARI.Book(ID, Title, Writer_ID, Publisher, Date_Published, Genre, Quantity_in_stock, Quantity_sold, Price, Language, Description, Rating, Page, Image) VALUES (49, 'দেশে বিদেশে', 116, 'বিশ্বসাহিত্য কেন্দ্র', 2016, 'ভ্রমণ ও প্রবাস', 10, 0, 435, 'Bangla', null, 0, 224, '/images/books/defaultbook.jpg');
INSERT INTO ROKOMARI.Book(ID, Title, Writer_ID, Publisher, Date_Published, Genre, Quantity_in_stock, Quantity_sold, Price, Language, Description, Rating, Page, Image) VALUES (50, 'জলে ডাঙায়', 116, 'বিশ্বসাহিত্য কেন্দ্র', 2014, 'ভ্রমণ ও প্রবাস', 10, 0, 200, 'Bangla', null, 0, 111, '/images/books/defaultbook.jpg');
 
 
 
 

